Start Date	Line	Ver	Evt Loc	Location Description	Batch Code	Legacy Batch Code	Sup	Con	Tnk	Grt
By	Grt
To	Sch
Vol	UOM	Rate	Action	Date Created	Created By	Remark	Coverage
06/16/26 09:30	3	132	FM1	FWM Connection (FM1)	EXP-MTV-4D-321-PTA		 	MTV	GBT	 	Add	10,749.99	Bbls	1,456.46	BDY	06/16/26 14:52	exp_b2b	4 SEQ	From 6/16/2026 To 6/16/2026
06/21/26 13:13	3	132	FM1	FWM Connection (FM1)	EXP-EXN-3D-331-PAS		 	EXN	GBT	 	Add	2,500	Bbls	4,000	BDY	06/16/26 14:52	exp_b2b	32 SEQ	From 6/16/2026 To 6/16/2026
06/21/26 13:50	3	132	FM1	FWM Connection (FM1)	EXP-MTV-3D-332-PTA		 	MTV	GBT	 	Add	3,000	Bbls	4,000	BDY	06/16/26 14:52	exp_b2b	33 SEQ	From 6/16/2026 To 6/16/2026
06/21/26 14:35	3	132	FM1	FWM Connection (FM1)	EXP-MTV-4D-333-PTA		 	MTV	GBT	 	Add	9,249.99	Bbls	4,000	BDY	06/16/26 14:52	exp_b2b	34 SEQ	From 6/16/2026 To 6/16/2026
06/21/26 16:54	3	132	FM1	FWM Connection (FM1)	EXP-EXN-4D-331-PAS		 	EXN	GBT	 	Add	8,249.99	Bbls	3,992.51	BDY	06/16/26 14:52	exp_b2b	35 SEQ	From 6/16/2026 To 6/16/2026
06/22/26 03:30	3	132	FM1	FWM Connection (FM1)	EXP-MTV-4D-333-PTA		 	MTV	GBT	 	Add	10,749.99	Bbls	1,456.17	BDY	06/16/26 14:52	exp_b2b	39 SEQ	From 6/16/2026 To 6/16/2026
06/24/26 00:29	3	132	FM1	FWM Connection (FM1)	EXP-EXN-4D-331-PAS		 	EXN	GBT	 	Add	9,249.99	Bbls	1,448.78	BDY	06/16/26 14:52	exp_b2b	43 SEQ	From 6/16/2026 To 6/16/2026
06/25/26 20:55	3	132	FM1	FWM Connection (FM1)	EXP-MTV-75-341-PTA		 	MTV	GBT	 	Add	9,799.99	Bbls	2,867.06	BDY	06/16/26 14:52	exp_b2b	65 SEQ	From 6/16/2026 To 6/16/2026
06/26/26 04:50	3	132	FM1	FWM Connection (FM1)	EXP-EXN-4D-341-PAS		 	EXN	GBT	 	Add	2,499.99	Bbls	2,809.11	BDY	06/16/26 14:52	exp_b2b	68 SEQ	From 6/16/2026 To 6/16/2026
06/26/26 05:44	3	132	FM1	FWM Connection (FM1)	EXP-MTV-3D-341-PTA		 	MTV	GBT	 	Add	3,799.99	Bbls	2,788.38	BDY	06/16/26 14:52	exp_b2b	69 SEQ	From 6/16/2026 To 6/16/2026
06/26/26 07:06	3	132	FM1	FWM Connection (FM1)	EXP-EXN-4D-341-PAS		 	EXN	GBT	 	Add	2,499.99	Bbls	2,756.96	BDY	06/16/26 14:52	exp_b2b	70 SEQ	From 6/16/2026 To 6/16/2026
06/26/26 09:30	3	132	FM1	FWM Connection (FM1)	EXP-MTV-4D-343-PTA		 	MTV	GBT	 	Add	10,749.99	Bbls	1,458.28	BDY	06/16/26 14:52	exp_b2b	71 SEQ	From 6/16/2026 To 6/16/2026
06/29/26 04:27	3	132	FM1	FWM Connection (FM1)	EXP-MTV-4D-343-PTA		 	MTV	GBT	 	Add	9,249.99	Bbls	1,600	BDY	06/16/26 14:52	exp_b2b	75 SEQ	From 6/16/2026 To 6/16/2026
06/16/26 16:52	3	132	FM6	FWM Connection (FM6)	EXP-MTV-75-323-PTA		 	MTV	GBT	 	Add	3,924.99	Bbls	1,360	BDY	06/16/26 14:52	exp_b2b	5 SEQ	From 6/16/2026 To 6/16/2026
06/16/26 19:46	3	132	FM6	FWM Connection (FM6)	EXP-MTV-75-323-PTA		 	MTV	GBT	 	Add	49,974.99	Bbls	1,389.5	BDY	06/16/26 14:52	exp_b2b	6 SEQ	From 6/16/2026 To 6/16/2026
06/18/26 07:43	3	132	FM6	FWM Connection (FM6)	EXP-MTV-4D-322-PTA		 	MTV	GBT	 	Add	18,249.99	Bbls	1,600	BDY	06/16/26 14:52	exp_b2b	7 SEQ	From 6/16/2026 To 6/16/2026
06/18/26 19:08	3	132	FM6	FWM Connection (FM6)	EXP-MTV-3D-321-PTA		 	MTV	GBT	 	Add	4,749.99	Bbls	1,590.19	BDY	06/16/26 14:52	exp_b2b	8 SEQ	From 6/16/2026 To 6/16/2026
06/18/26 22:07	3	132	FM6	FWM Connection (FM6)	EXP-MTV-4D-322-PTA		 	MTV	GBT	 	Add	999.99	Bbls	1,549.4	BDY	06/16/26 14:52	exp_b2b	9 SEQ	From 6/16/2026 To 6/16/2026
06/21/26 10:32	3	132	FM6	FWM Connection (FM6)	EXP-MTV-4D-322-PTA		 	MTV	GBT	 	Add	10,749.99	Bbls	4,000	BDY	06/16/26 14:52	exp_b2b	9 SEQ	From 6/16/2026 To 6/16/2026
06/22/26 10:52	3	132	FM6	FWM Connection (FM6)	EXP-MTV-75-331-PTA		 	MTV	GBT	 	Add	3,924.99	Bbls	1,360	BDY	06/16/26 14:52	exp_b2b	40 SEQ	From 6/16/2026 To 6/16/2026
06/22/26 13:46	3	132	FM6	FWM Connection (FM6)	EXP-MTV-75-331-PTA		 	MTV	GBT	 	Add	29,349.99	Bbls	1,360	BDY	06/16/26 14:52	exp_b2b	41 SEQ	From 6/16/2026 To 6/16/2026
06/23/26 19:10	3	132	FM6	FWM Connection (FM6)	EXP-MTV-75-331-PTA		 	MTV	GBT	 	Add	9,249.99	Bbls	3,784.02	BDY	06/16/26 14:52	exp_b2b	42 SEQ	From 6/16/2026 To 6/16/2026
06/23/26 23:30	3	132	FM6	FWM Connection (FM6)	EXP-MTV-75-331-PTA		 	MTV	GBT	 	Add	1,499.99	Bbls	1,511.27	BDY	06/16/26 14:52	exp_b2b	42 SEQ	From 6/16/2026 To 6/16/2026
06/24/26 06:52	3	132	FM6	FWM Connection (FM6)	EXP-MTV-75-331-PTA		 	MTV	GBT	 	Add	3,924.99	Bbls	1,360	BDY	06/16/26 14:52	exp_b2b	44 SEQ	From 6/16/2026 To 6/16/2026
06/24/26 09:45	3	132	FM6	FWM Connection (FM6)	EXP-MTV-75-331-PTA		 	MTV	GBT	 	Add	15,749.99	Bbls	1,455.42	BDY	06/16/26 14:52	exp_b2b	45 SEQ	From 6/16/2026 To 6/16/2026
06/24/26 20:35	3	132	FM6	FWM Connection (FM6)	EXP-MTV-4D-334-PTA		 	MTV	GBT	 	Add	23,249.99	Bbls	1,600	BDY	06/16/26 14:52	exp_b2b	46 SEQ	From 6/16/2026 To 6/16/2026
06/25/26 11:06	3	132	FM6	FWM Connection (FM6)	EXP-MTV-3D-332-PTA		 	MTV	GBT	 	Add	4,899.99	Bbls	1,589.85	BDY	06/16/26 14:52	exp_b2b	47 SEQ	From 6/16/2026 To 6/16/2026
06/25/26 14:11	3	132	FM6	FWM Connection (FM6)	EXP-MTV-4D-334-PTA		 	MTV	GBT	 	Add	999.99	Bbls	1,549.99	BDY	06/16/26 14:52	exp_b2b	48 SEQ	From 6/16/2026 To 6/16/2026
06/25/26 18:04	3	132	FM6	FWM Connection (FM6)	EXP-MTV-4D-334-PTA		 	MTV	GBT	 	Add	10,749.99	Bbls	3,782.58	BDY	06/16/26 14:52	exp_b2b	48 SEQ	From 6/16/2026 To 6/16/2026
06/26/26 16:52	3	132	FM6	FWM Connection (FM6)	EXP-MTV-75-342-PTA		 	MTV	GBT	 	Add	3,924.99	Bbls	1,360	BDY	06/16/26 14:52	exp_b2b	72 SEQ	From 6/16/2026 To 6/16/2026
06/26/26 19:45	3	132	FM6	FWM Connection (FM6)	EXP-MTV-75-342-PTA		 	MTV	GBT	 	Add	34,324.99	Bbls	1,362.51	BDY	06/16/26 14:52	exp_b2b	73 SEQ	From 6/16/2026 To 6/16/2026
06/28/26 22:55	3	132	FM6	FWM Connection (FM6)	EXP-MTV-75-342-PTA		 	MTV	GBT	 	Add	9,249.99	Bbls	3,789.7	BDY	06/16/26 14:52	exp_b2b	74 SEQ	From 6/16/2026 To 6/16/2026
06/29/26 03:30	3	132	FM6	FWM Connection (FM6)	EXP-MTV-75-342-PTA		 	MTV	GBT	 	Add	1,499.99	Bbls	1,577.78	BDY	06/16/26 14:52	exp_b2b	74 SEQ	From 6/16/2026 To 6/16/2026
06/29/26 10:13	3	132	FM6	FWM Connection (FM6)	EXP-MTV-4D-344-PTA		 	MTV	GBT	 	Add	3,924.99	Bbls	1,600	BDY	06/16/26 14:52	exp_b2b	76 SEQ	From 6/16/2026 To 6/16/2026
06/29/26 12:41	3	132	FM6	FWM Connection (FM6)	EXP-MTV-4D-344-PTA		 	MTV	GBT	 	Add	19,324.99	Bbls	1,600	BDY	06/16/26 14:52	exp_b2b	77 SEQ	From 6/16/2026 To 6/16/2026
06/30/26 00:45	3	132	FM6	FWM Connection (FM6)	EXP-MTV-3D-342-PTA		 	MTV	GBT	 	Add	2,939.99	Bbls	1,587.56	BDY	06/16/26 14:52	exp_b2b	78 SEQ	From 6/16/2026 To 6/16/2026
06/30/26 02:36	3	132	FM6	FWM Connection (FM6)	EXP-MTV-4D-344-PTA		 	MTV	GBT	 	Add	999.99	Bbls	1,552.16	BDY	06/16/26 14:52	exp_b2b	79 SEQ	From 6/16/2026 To 6/16/2026
